{
    "MEGCoordinateSystem": "KitYokogawa",
    "MEGCoordinateUnits": "m",
    "MEGCoordinateSystemDescription": "ALS orientation and the origin between the ears",
    "HeadCoilCoordinates": {
        "NAS": [
            0.0,
            0.09571093002526918,
            -3.469446951953614e-18
        ],
        "LPA": [
            -0.07034098330950478,
            1.3877787807814457e-17,
            0.0
        ],
        "RPA": [
            0.08145454777425275,
            -6.938893903907228e-18,
            3.469446951953614e-18
        ],
        "coil1": [
            -0.07107179138987435,
            0.010389542165363905,
            -0.004262778947329102
        ],
        "coil2": [
            0.08150601316868317,
            0.009916462548412934,
            -0.0017727885263334985
        ],
        "coil3": [
            0.0038610408976836597,
            0.10673497389674919,
            0.03418276192346223
        ],
        "coil4": [
            -0.03402527896443888,
            0.09587791593371892,
            0.03510272214670102
        ],
        "coil5": [
            0.04183346001073068,
            0.09792363831083745,
            0.032087097259078656
        ]
    },
    "HeadCoilCoordinateSystem": "KitYokogawa",
    "HeadCoilCoordinateUnits": "m",
    "AnatomicalLandmarkCoordinates": {
        "NAS": [
            0.0,
            0.09571093002526918,
            -3.469446951953614e-18
        ],
        "LPA": [
            -0.07034098330950478,
            1.3877787807814457e-17,
            0.0
        ],
        "RPA": [
            0.08145454777425275,
            -6.938893903907228e-18,
            3.469446951953614e-18
        ],
        "coil1": [
            -0.07107179138987435,
            0.010389542165363905,
            -0.004262778947329102
        ],
        "coil2": [
            0.08150601316868317,
            0.009916462548412934,
            -0.0017727885263334985
        ],
        "coil3": [
            0.0038610408976836597,
            0.10673497389674919,
            0.03418276192346223
        ],
        "coil4": [
            -0.03402527896443888,
            0.09587791593371892,
            0.03510272214670102
        ],
        "coil5": [
            0.04183346001073068,
            0.09792363831083745,
            0.032087097259078656
        ]
    },
    "AnatomicalLandmarkCoordinateSystem": "KitYokogawa",
    "AnatomicalLandmarkCoordinateUnits": "m"
}
