{
    "MEGCoordinateSystem": "KitYokogawa",
    "MEGCoordinateUnits": "m",
    "MEGCoordinateSystemDescription": "ALS orientation and the origin between the ears",
    "HeadCoilCoordinates": {
        "NAS": [
            -8.673617379884035e-18,
            0.09478755526904273,
            1.3877787807814457e-17
        ],
        "LPA": [
            -0.06895703784689547,
            1.3877787807814457e-17,
            -6.938893903907228e-18
        ],
        "RPA": [
            0.0724749654758674,
            0.0,
            6.938893903907228e-18
        ],
        "coil1": [
            -0.07179957584193845,
            0.010078552141194672,
            -0.0032553048050770125
        ],
        "coil2": [
            0.07476654605406484,
            0.012599470203764972,
            -0.00725608971403105
        ],
        "coil3": [
            -0.004418936302370915,
            0.1010748651592921,
            0.03917587292747364
        ],
        "coil4": [
            -0.04680396406648797,
            0.08457198894534096,
            0.04598696187800355
        ],
        "coil5": [
            0.030826388303928542,
            0.09350470774995696,
            0.04165645535998225
        ]
    },
    "HeadCoilCoordinateSystem": "KitYokogawa",
    "HeadCoilCoordinateUnits": "m",
    "AnatomicalLandmarkCoordinates": {
        "NAS": [
            -8.673617379884035e-18,
            0.09478755526904273,
            1.3877787807814457e-17
        ],
        "LPA": [
            -0.06895703784689547,
            1.3877787807814457e-17,
            -6.938893903907228e-18
        ],
        "RPA": [
            0.0724749654758674,
            0.0,
            6.938893903907228e-18
        ],
        "coil1": [
            -0.07179957584193845,
            0.010078552141194672,
            -0.0032553048050770125
        ],
        "coil2": [
            0.07476654605406484,
            0.012599470203764972,
            -0.00725608971403105
        ],
        "coil3": [
            -0.004418936302370915,
            0.1010748651592921,
            0.03917587292747364
        ],
        "coil4": [
            -0.04680396406648797,
            0.08457198894534096,
            0.04598696187800355
        ],
        "coil5": [
            0.030826388303928542,
            0.09350470774995696,
            0.04165645535998225
        ]
    },
    "AnatomicalLandmarkCoordinateSystem": "KitYokogawa",
    "AnatomicalLandmarkCoordinateUnits": "m"
}
