{
    "MEGCoordinateSystem": "KitYokogawa",
    "MEGCoordinateUnits": "m",
    "MEGCoordinateSystemDescription": "ALS orientation and the origin between the ears",
    "HeadCoilCoordinates": {
        "NAS": [
            1.3877787807814457e-17,
            0.09245202539097847,
            6.938893903907228e-18
        ],
        "LPA": [
            -0.07104551668638825,
            0.0,
            0.0
        ],
        "RPA": [
            0.06806781349709917,
            1.3877787807814457e-17,
            6.938893903907228e-18
        ],
        "coil1": [
            -0.06950169799434253,
            0.007641244910275832,
            -0.0036480070665054695
        ],
        "coil2": [
            0.06650027132998709,
            0.008778796769869118,
            -0.0017529346586970876
        ],
        "coil3": [
            -0.006786485732278592,
            0.09986756611055944,
            0.032615479330094406
        ],
        "coil4": [
            -0.041215151010456974,
            0.09086519037114901,
            0.02274909862643065
        ],
        "coil5": [
            0.029640995287735915,
            0.08999386628278251,
            0.03700944048916724
        ]
    },
    "HeadCoilCoordinateSystem": "KitYokogawa",
    "HeadCoilCoordinateUnits": "m",
    "AnatomicalLandmarkCoordinates": {
        "NAS": [
            1.3877787807814457e-17,
            0.09245202539097847,
            6.938893903907228e-18
        ],
        "LPA": [
            -0.07104551668638825,
            0.0,
            0.0
        ],
        "RPA": [
            0.06806781349709917,
            1.3877787807814457e-17,
            6.938893903907228e-18
        ],
        "coil1": [
            -0.06950169799434253,
            0.007641244910275832,
            -0.0036480070665054695
        ],
        "coil2": [
            0.06650027132998709,
            0.008778796769869118,
            -0.0017529346586970876
        ],
        "coil3": [
            -0.006786485732278592,
            0.09986756611055944,
            0.032615479330094406
        ],
        "coil4": [
            -0.041215151010456974,
            0.09086519037114901,
            0.02274909862643065
        ],
        "coil5": [
            0.029640995287735915,
            0.08999386628278251,
            0.03700944048916724
        ]
    },
    "AnatomicalLandmarkCoordinateSystem": "KitYokogawa",
    "AnatomicalLandmarkCoordinateUnits": "m"
}
