{
    "MEGCoordinateSystem": "KitYokogawa",
    "MEGCoordinateUnits": "m",
    "MEGCoordinateSystemDescription": "ALS orientation and the origin between the ears",
    "HeadCoilCoordinates": {
        "NAS": [
            -6.938893903907228e-18,
            0.10018824873867621,
            -1.3877787807814457e-17
        ],
        "LPA": [
            -0.07428218420184714,
            1.3877787807814457e-17,
            0.0
        ],
        "RPA": [
            0.07534909113245591,
            0.0,
            2.0816681711721685e-17
        ],
        "coil1": [
            -0.07095713795487485,
            0.010485448143951928,
            0.0003031357550521141
        ],
        "coil2": [
            0.07447388406763997,
            0.010664912132863115,
            -0.0029563939186118965
        ],
        "coil3": [
            -0.0023745287694446893,
            0.1047858475034369,
            0.03582040576740235
        ],
        "coil4": [
            -0.03628812636488443,
            0.09421278969571717,
            0.04115868294166007
        ],
        "coil5": [
            0.03607157985041003,
            0.09918925110652022,
            0.036384463264784325
        ]
    },
    "HeadCoilCoordinateSystem": "KitYokogawa",
    "HeadCoilCoordinateUnits": "m",
    "AnatomicalLandmarkCoordinates": {
        "NAS": [
            -6.938893903907228e-18,
            0.10018824873867621,
            -1.3877787807814457e-17
        ],
        "LPA": [
            -0.07428218420184714,
            1.3877787807814457e-17,
            0.0
        ],
        "RPA": [
            0.07534909113245591,
            0.0,
            2.0816681711721685e-17
        ],
        "coil1": [
            -0.07095713795487485,
            0.010485448143951928,
            0.0003031357550521141
        ],
        "coil2": [
            0.07447388406763997,
            0.010664912132863115,
            -0.0029563939186118965
        ],
        "coil3": [
            -0.0023745287694446893,
            0.1047858475034369,
            0.03582040576740235
        ],
        "coil4": [
            -0.03628812636488443,
            0.09421278969571717,
            0.04115868294166007
        ],
        "coil5": [
            0.03607157985041003,
            0.09918925110652022,
            0.036384463264784325
        ]
    },
    "AnatomicalLandmarkCoordinateSystem": "KitYokogawa",
    "AnatomicalLandmarkCoordinateUnits": "m"
}
