{
    "MEGCoordinateSystem": "KitYokogawa",
    "MEGCoordinateUnits": "m",
    "MEGCoordinateSystemDescription": "ALS orientation and the origin between the ears",
    "HeadCoilCoordinates": {
        "NAS": [
            -1.3877787807814457e-17,
            0.09646821509869201,
            1.3877787807814457e-17
        ],
        "LPA": [
            -0.06853793829991163,
            1.3877787807814457e-17,
            0.0
        ],
        "RPA": [
            0.07310735015155788,
            0.0,
            0.0
        ],
        "coil1": [
            -0.06513701942603715,
            0.007668195485348167,
            -0.005951489086086795
        ],
        "coil2": [
            0.06938433419821977,
            0.004827595776007984,
            -0.002612507359733146
        ],
        "coil3": [
            -0.010348941564281119,
            0.10721081709824057,
            0.04425616079494913
        ],
        "coil4": [
            -0.042152376083978794,
            0.0919556215999294,
            0.044629294805203244
        ],
        "coil5": [
            0.02928437121013866,
            0.10248851837696508,
            0.04516179913449438
        ]
    },
    "HeadCoilCoordinateSystem": "KitYokogawa",
    "HeadCoilCoordinateUnits": "m",
    "AnatomicalLandmarkCoordinates": {
        "NAS": [
            -1.3877787807814457e-17,
            0.09646821509869201,
            1.3877787807814457e-17
        ],
        "LPA": [
            -0.06853793829991163,
            1.3877787807814457e-17,
            0.0
        ],
        "RPA": [
            0.07310735015155788,
            0.0,
            0.0
        ],
        "coil1": [
            -0.06513701942603715,
            0.007668195485348167,
            -0.005951489086086795
        ],
        "coil2": [
            0.06938433419821977,
            0.004827595776007984,
            -0.002612507359733146
        ],
        "coil3": [
            -0.010348941564281119,
            0.10721081709824057,
            0.04425616079494913
        ],
        "coil4": [
            -0.042152376083978794,
            0.0919556215999294,
            0.044629294805203244
        ],
        "coil5": [
            0.02928437121013866,
            0.10248851837696508,
            0.04516179913449438
        ]
    },
    "AnatomicalLandmarkCoordinateSystem": "KitYokogawa",
    "AnatomicalLandmarkCoordinateUnits": "m"
}
