{
    "MEGCoordinateSystem": "KitYokogawa",
    "MEGCoordinateUnits": "m",
    "MEGCoordinateSystemDescription": "ALS orientation and the origin between the ears",
    "HeadCoilCoordinates": {
        "NAS": [
            0.0,
            0.09882372792732441,
            3.469446951953614e-18
        ],
        "LPA": [
            -0.07775674517323986,
            3.469446951953614e-18,
            5.204170427930421e-18
        ],
        "RPA": [
            0.06358574907576509,
            -6.938893903907228e-18,
            9.540979117872439e-18
        ],
        "coil1": [
            -0.08557521793064826,
            0.011662132529237073,
            -0.0032396430778981107
        ],
        "coil2": [
            0.06457027987217828,
            0.009413475851793635,
            -0.001842607760379874
        ],
        "coil3": [
            -0.008346754184354613,
            0.10865546868912873,
            0.032347184180676905
        ],
        "coil4": [
            -0.04948959274849675,
            0.09625684746260174,
            0.0319467415929663
        ],
        "coil5": [
            0.027202454288916517,
            0.1030678533908817,
            0.03716393095756951
        ]
    },
    "HeadCoilCoordinateSystem": "KitYokogawa",
    "HeadCoilCoordinateUnits": "m",
    "AnatomicalLandmarkCoordinates": {
        "NAS": [
            0.0,
            0.09882372792732441,
            3.469446951953614e-18
        ],
        "LPA": [
            -0.07775674517323986,
            3.469446951953614e-18,
            5.204170427930421e-18
        ],
        "RPA": [
            0.06358574907576509,
            -6.938893903907228e-18,
            9.540979117872439e-18
        ],
        "coil1": [
            -0.08557521793064826,
            0.011662132529237073,
            -0.0032396430778981107
        ],
        "coil2": [
            0.06457027987217828,
            0.009413475851793635,
            -0.001842607760379874
        ],
        "coil3": [
            -0.008346754184354613,
            0.10865546868912873,
            0.032347184180676905
        ],
        "coil4": [
            -0.04948959274849675,
            0.09625684746260174,
            0.0319467415929663
        ],
        "coil5": [
            0.027202454288916517,
            0.1030678533908817,
            0.03716393095756951
        ]
    },
    "AnatomicalLandmarkCoordinateSystem": "KitYokogawa",
    "AnatomicalLandmarkCoordinateUnits": "m"
}
