{
    "MEGCoordinateSystem": "KitYokogawa",
    "MEGCoordinateUnits": "m",
    "MEGCoordinateSystemDescription": "ALS orientation and the origin between the ears",
    "HeadCoilCoordinates": {
        "NAS": [
            -6.938893903907228e-18,
            0.09899930745740003,
            6.938893903907228e-18
        ],
        "LPA": [
            -0.07320130538901051,
            0.0,
            0.0
        ],
        "RPA": [
            0.08472878054884997,
            0.0,
            0.0
        ],
        "coil1": [
            -0.07208437964055367,
            -0.0010536628318791597,
            -0.0008808933358531654
        ],
        "coil2": [
            0.08474684284719586,
            0.0070185484170356,
            -0.003258429457745786
        ],
        "coil3": [
            -0.004587134666317116,
            0.10818205769624165,
            0.03684479995188096
        ],
        "coil4": [
            -0.040281631154010025,
            0.09870173497326412,
            0.028279874494045683
        ],
        "coil5": [
            0.036814728798397846,
            0.10410486867258707,
            0.03479731770177688
        ]
    },
    "HeadCoilCoordinateSystem": "KitYokogawa",
    "HeadCoilCoordinateUnits": "m",
    "AnatomicalLandmarkCoordinates": {
        "NAS": [
            -6.938893903907228e-18,
            0.09899930745740003,
            6.938893903907228e-18
        ],
        "LPA": [
            -0.07320130538901051,
            0.0,
            0.0
        ],
        "RPA": [
            0.08472878054884997,
            0.0,
            0.0
        ],
        "coil1": [
            -0.07208437964055367,
            -0.0010536628318791597,
            -0.0008808933358531654
        ],
        "coil2": [
            0.08474684284719586,
            0.0070185484170356,
            -0.003258429457745786
        ],
        "coil3": [
            -0.004587134666317116,
            0.10818205769624165,
            0.03684479995188096
        ],
        "coil4": [
            -0.040281631154010025,
            0.09870173497326412,
            0.028279874494045683
        ],
        "coil5": [
            0.036814728798397846,
            0.10410486867258707,
            0.03479731770177688
        ]
    },
    "AnatomicalLandmarkCoordinateSystem": "KitYokogawa",
    "AnatomicalLandmarkCoordinateUnits": "m"
}
