{
    "MEGCoordinateSystem": "KitYokogawa",
    "MEGCoordinateUnits": "m",
    "MEGCoordinateSystemDescription": "ALS orientation and the origin between the ears",
    "HeadCoilCoordinates": {
        "NAS": [
            0.0,
            0.09996653539729175,
            0.0
        ],
        "LPA": [
            -0.07900092594977615,
            -1.3877787807814457e-17,
            0.0
        ],
        "RPA": [
            0.07517785384241835,
            0.0,
            -6.938893903907228e-18
        ],
        "coil1": [
            -0.07981669682401396,
            0.013124484899105449,
            -0.005789300574672043
        ],
        "coil2": [
            0.07460026084745479,
            0.0055841375314818475,
            -0.002162567548462911
        ],
        "coil3": [
            -0.0014805045425035565,
            0.11128121902922318,
            0.03285158271665049
        ],
        "coil4": [
            -0.04462856271021253,
            0.10012778985289908,
            0.03361386094323553
        ],
        "coil5": [
            0.035831473435423325,
            0.10464586153065922,
            0.03600467073650497
        ]
    },
    "HeadCoilCoordinateSystem": "KitYokogawa",
    "HeadCoilCoordinateUnits": "m",
    "AnatomicalLandmarkCoordinates": {
        "NAS": [
            0.0,
            0.09996653539729175,
            0.0
        ],
        "LPA": [
            -0.07900092594977615,
            -1.3877787807814457e-17,
            0.0
        ],
        "RPA": [
            0.07517785384241835,
            0.0,
            -6.938893903907228e-18
        ],
        "coil1": [
            -0.07981669682401396,
            0.013124484899105449,
            -0.005789300574672043
        ],
        "coil2": [
            0.07460026084745479,
            0.0055841375314818475,
            -0.002162567548462911
        ],
        "coil3": [
            -0.0014805045425035565,
            0.11128121902922318,
            0.03285158271665049
        ],
        "coil4": [
            -0.04462856271021253,
            0.10012778985289908,
            0.03361386094323553
        ],
        "coil5": [
            0.035831473435423325,
            0.10464586153065922,
            0.03600467073650497
        ]
    },
    "AnatomicalLandmarkCoordinateSystem": "KitYokogawa",
    "AnatomicalLandmarkCoordinateUnits": "m"
}
