{
    "MEGCoordinateSystem": "KitYokogawa",
    "MEGCoordinateUnits": "m",
    "MEGCoordinateSystemDescription": "ALS orientation and the origin between the ears",
    "HeadCoilCoordinates": {
        "NAS": [
            -2.0816681711721685e-17,
            0.09720393911964335,
            -4.336808689942018e-19
        ],
        "LPA": [
            -0.07267839501258039,
            0.0,
            3.0357660829594124e-18
        ],
        "RPA": [
            0.08405455274525386,
            -1.3877787807814457e-17,
            8.673617379884035e-18
        ],
        "coil1": [
            -0.07424584209192442,
            0.009324997994661605,
            -0.0013503641075699145
        ],
        "coil2": [
            0.08421435321572482,
            0.011099390182181257,
            0.0018830327063901573
        ],
        "coil3": [
            -0.005375881685399403,
            0.10240615602774564,
            0.039843694393914345
        ],
        "coil4": [
            -0.04131993652149182,
            0.08831868773056939,
            0.044396806341367015
        ],
        "coil5": [
            0.032169396684673626,
            0.09701852345677685,
            0.03667655271663453
        ]
    },
    "HeadCoilCoordinateSystem": "KitYokogawa",
    "HeadCoilCoordinateUnits": "m",
    "AnatomicalLandmarkCoordinates": {
        "NAS": [
            -2.0816681711721685e-17,
            0.09720393911964335,
            -4.336808689942018e-19
        ],
        "LPA": [
            -0.07267839501258039,
            0.0,
            3.0357660829594124e-18
        ],
        "RPA": [
            0.08405455274525386,
            -1.3877787807814457e-17,
            8.673617379884035e-18
        ],
        "coil1": [
            -0.07424584209192442,
            0.009324997994661605,
            -0.0013503641075699145
        ],
        "coil2": [
            0.08421435321572482,
            0.011099390182181257,
            0.0018830327063901573
        ],
        "coil3": [
            -0.005375881685399403,
            0.10240615602774564,
            0.039843694393914345
        ],
        "coil4": [
            -0.04131993652149182,
            0.08831868773056939,
            0.044396806341367015
        ],
        "coil5": [
            0.032169396684673626,
            0.09701852345677685,
            0.03667655271663453
        ]
    },
    "AnatomicalLandmarkCoordinateSystem": "KitYokogawa",
    "AnatomicalLandmarkCoordinateUnits": "m"
}
