{
    "MEGCoordinateSystem": "KitYokogawa",
    "MEGCoordinateUnits": "m",
    "MEGCoordinateSystemDescription": "ALS orientation and the origin between the ears",
    "HeadCoilCoordinates": {
        "NAS": [
            -2.6454533008646308e-17,
            0.09184632585853292,
            0.0
        ],
        "LPA": [
            -0.07926087087074046,
            1.3877787807814457e-17,
            0.0
        ],
        "RPA": [
            0.07199842781879466,
            -4.163336342344337e-17,
            3.469446951953614e-18
        ],
        "coil1": [
            -0.07513752030430584,
            0.0070628493189612285,
            -0.0035523876961745214
        ],
        "coil2": [
            0.07131926125118511,
            0.007794893480309081,
            0.0005460080805957529
        ],
        "coil3": [
            -0.002202545789557158,
            0.105990922802062,
            0.026497932216684613
        ],
        "coil4": [
            -0.03720992646192536,
            0.09956856052626316,
            0.031953827954168734
        ],
        "coil5": [
            0.0339682001971061,
            0.09939235390709335,
            0.03202471171985252
        ]
    },
    "HeadCoilCoordinateSystem": "KitYokogawa",
    "HeadCoilCoordinateUnits": "m",
    "AnatomicalLandmarkCoordinates": {
        "NAS": [
            -2.6454533008646308e-17,
            0.09184632585853292,
            0.0
        ],
        "LPA": [
            -0.07926087087074046,
            1.3877787807814457e-17,
            0.0
        ],
        "RPA": [
            0.07199842781879466,
            -4.163336342344337e-17,
            3.469446951953614e-18
        ],
        "coil1": [
            -0.07513752030430584,
            0.0070628493189612285,
            -0.0035523876961745214
        ],
        "coil2": [
            0.07131926125118511,
            0.007794893480309081,
            0.0005460080805957529
        ],
        "coil3": [
            -0.002202545789557158,
            0.105990922802062,
            0.026497932216684613
        ],
        "coil4": [
            -0.03720992646192536,
            0.09956856052626316,
            0.031953827954168734
        ],
        "coil5": [
            0.0339682001971061,
            0.09939235390709335,
            0.03202471171985252
        ]
    },
    "AnatomicalLandmarkCoordinateSystem": "KitYokogawa",
    "AnatomicalLandmarkCoordinateUnits": "m"
}
