{
    "MEGCoordinateSystem": "KitYokogawa",
    "MEGCoordinateUnits": "m",
    "MEGCoordinateSystemDescription": "ALS orientation and the origin between the ears",
    "HeadCoilCoordinates": {
        "NAS": [
            2.0816681711721685e-17,
            0.09470278980490293,
            0.0
        ],
        "LPA": [
            -0.08440303168600266,
            -1.3877787807814457e-17,
            0.0
        ],
        "RPA": [
            0.07642092590284663,
            2.7755575615628914e-17,
            0.0
        ],
        "coil1": [
            -0.08354633929697299,
            0.008738997589495756,
            0.0008512860690543245
        ],
        "coil2": [
            0.0762349275665386,
            0.00021685745251286137,
            -0.0026269737482853134
        ],
        "coil3": [
            -0.006709187608966095,
            0.10325618641672024,
            0.035263638041028174
        ],
        "coil4": [
            -0.048275726017752874,
            0.09156470903557135,
            0.035322187224944165
        ],
        "coil5": [
            0.029532829399226995,
            0.09665546219967289,
            0.03944181446960648
        ]
    },
    "HeadCoilCoordinateSystem": "KitYokogawa",
    "HeadCoilCoordinateUnits": "m",
    "AnatomicalLandmarkCoordinates": {
        "NAS": [
            2.0816681711721685e-17,
            0.09470278980490293,
            0.0
        ],
        "LPA": [
            -0.08440303168600266,
            -1.3877787807814457e-17,
            0.0
        ],
        "RPA": [
            0.07642092590284663,
            2.7755575615628914e-17,
            0.0
        ],
        "coil1": [
            -0.08354633929697299,
            0.008738997589495756,
            0.0008512860690543245
        ],
        "coil2": [
            0.0762349275665386,
            0.00021685745251286137,
            -0.0026269737482853134
        ],
        "coil3": [
            -0.006709187608966095,
            0.10325618641672024,
            0.035263638041028174
        ],
        "coil4": [
            -0.048275726017752874,
            0.09156470903557135,
            0.035322187224944165
        ],
        "coil5": [
            0.029532829399226995,
            0.09665546219967289,
            0.03944181446960648
        ]
    },
    "AnatomicalLandmarkCoordinateSystem": "KitYokogawa",
    "AnatomicalLandmarkCoordinateUnits": "m"
}
