{
    "MEGCoordinateSystem": "KitYokogawa",
    "MEGCoordinateUnits": "m",
    "MEGCoordinateSystemDescription": "ALS orientation and the origin between the ears",
    "HeadCoilCoordinates": {
        "NAS": [
            0.0,
            0.09548464882931655,
            6.938893903907228e-18
        ],
        "LPA": [
            -0.07184362741142802,
            -1.3877787807814457e-17,
            0.0
        ],
        "RPA": [
            0.06921569145361542,
            6.938893903907228e-18,
            -1.734723475976807e-17
        ],
        "coil1": [
            -0.06926538228642531,
            0.008231734202730268,
            -0.0024337963577506297
        ],
        "coil2": [
            0.06877801499036049,
            0.007504670880067434,
            0.002052483199780311
        ],
        "coil3": [
            -0.008850129932035045,
            0.10087746545275432,
            0.04362328632269778
        ],
        "coil4": [
            -0.043655076532742504,
            0.09161938067292412,
            0.03695063244126648
        ],
        "coil5": [
            0.033998755970233746,
            0.09058757677961583,
            0.04905803212804745
        ]
    },
    "HeadCoilCoordinateSystem": "KitYokogawa",
    "HeadCoilCoordinateUnits": "m",
    "AnatomicalLandmarkCoordinates": {
        "NAS": [
            0.0,
            0.09548464882931655,
            6.938893903907228e-18
        ],
        "LPA": [
            -0.07184362741142802,
            -1.3877787807814457e-17,
            0.0
        ],
        "RPA": [
            0.06921569145361542,
            6.938893903907228e-18,
            -1.734723475976807e-17
        ],
        "coil1": [
            -0.06926538228642531,
            0.008231734202730268,
            -0.0024337963577506297
        ],
        "coil2": [
            0.06877801499036049,
            0.007504670880067434,
            0.002052483199780311
        ],
        "coil3": [
            -0.008850129932035045,
            0.10087746545275432,
            0.04362328632269778
        ],
        "coil4": [
            -0.043655076532742504,
            0.09161938067292412,
            0.03695063244126648
        ],
        "coil5": [
            0.033998755970233746,
            0.09058757677961583,
            0.04905803212804745
        ]
    },
    "AnatomicalLandmarkCoordinateSystem": "KitYokogawa",
    "AnatomicalLandmarkCoordinateUnits": "m"
}
