{
    "MEGCoordinateSystem": "KitYokogawa",
    "MEGCoordinateUnits": "m",
    "MEGCoordinateSystemDescription": "ALS orientation and the origin between the ears",
    "HeadCoilCoordinates": {
        "NAS": [
            -6.938893903907228e-18,
            0.0925537187124887,
            0.0
        ],
        "LPA": [
            -0.06467849674852935,
            -1.3877787807814457e-17,
            3.469446951953614e-18
        ],
        "RPA": [
            0.06996144833055926,
            -2.7755575615628914e-17,
            8.673617379884035e-18
        ],
        "coil1": [
            -0.06428355591623203,
            0.008793731484422501,
            -0.004094792249780269
        ],
        "coil2": [
            0.07024009098952624,
            0.010662800925305638,
            -0.002512301245054891
        ],
        "coil3": [
            -0.007441227797452564,
            0.10217531651029214,
            0.030138573983082263
        ],
        "coil4": [
            -0.04278039874315575,
            0.08689548645326615,
            0.03231336903291411
        ],
        "coil5": [
            0.033568276358291224,
            0.09430303262271066,
            0.033789458417484146
        ]
    },
    "HeadCoilCoordinateSystem": "KitYokogawa",
    "HeadCoilCoordinateUnits": "m",
    "AnatomicalLandmarkCoordinates": {
        "NAS": [
            -6.938893903907228e-18,
            0.0925537187124887,
            0.0
        ],
        "LPA": [
            -0.06467849674852935,
            -1.3877787807814457e-17,
            3.469446951953614e-18
        ],
        "RPA": [
            0.06996144833055926,
            -2.7755575615628914e-17,
            8.673617379884035e-18
        ],
        "coil1": [
            -0.06428355591623203,
            0.008793731484422501,
            -0.004094792249780269
        ],
        "coil2": [
            0.07024009098952624,
            0.010662800925305638,
            -0.002512301245054891
        ],
        "coil3": [
            -0.007441227797452564,
            0.10217531651029214,
            0.030138573983082263
        ],
        "coil4": [
            -0.04278039874315575,
            0.08689548645326615,
            0.03231336903291411
        ],
        "coil5": [
            0.033568276358291224,
            0.09430303262271066,
            0.033789458417484146
        ]
    },
    "AnatomicalLandmarkCoordinateSystem": "KitYokogawa",
    "AnatomicalLandmarkCoordinateUnits": "m"
}
