{
    "MEGCoordinateSystem": "KitYokogawa",
    "MEGCoordinateUnits": "m",
    "MEGCoordinateSystemDescription": "ALS orientation and the origin between the ears",
    "HeadCoilCoordinates": {
        "NAS": [
            8.673617379884035e-18,
            0.09997651267641926,
            -3.469446951953614e-18
        ],
        "LPA": [
            -0.07212416069343043,
            -1.3877787807814457e-17,
            1.0408340855860843e-17
        ],
        "RPA": [
            0.07851907578959258,
            1.3877787807814457e-17,
            6.938893903907228e-18
        ],
        "coil1": [
            -0.07367253991526353,
            0.007564005927246362,
            -0.0023641651841563964
        ],
        "coil2": [
            0.08015004441862683,
            0.011432702908662079,
            -0.0025776563295706913
        ],
        "coil3": [
            -0.005075155009472726,
            0.1072210387834807,
            0.03191388475043313
        ],
        "coil4": [
            -0.0423384704106432,
            0.09333773896366837,
            0.028853363056981343
        ],
        "coil5": [
            0.03494218256996366,
            0.10174433641884954,
            0.029998491515958393
        ]
    },
    "HeadCoilCoordinateSystem": "KitYokogawa",
    "HeadCoilCoordinateUnits": "m",
    "AnatomicalLandmarkCoordinates": {
        "NAS": [
            8.673617379884035e-18,
            0.09997651267641926,
            -3.469446951953614e-18
        ],
        "LPA": [
            -0.07212416069343043,
            -1.3877787807814457e-17,
            1.0408340855860843e-17
        ],
        "RPA": [
            0.07851907578959258,
            1.3877787807814457e-17,
            6.938893903907228e-18
        ],
        "coil1": [
            -0.07367253991526353,
            0.007564005927246362,
            -0.0023641651841563964
        ],
        "coil2": [
            0.08015004441862683,
            0.011432702908662079,
            -0.0025776563295706913
        ],
        "coil3": [
            -0.005075155009472726,
            0.1072210387834807,
            0.03191388475043313
        ],
        "coil4": [
            -0.0423384704106432,
            0.09333773896366837,
            0.028853363056981343
        ],
        "coil5": [
            0.03494218256996366,
            0.10174433641884954,
            0.029998491515958393
        ]
    },
    "AnatomicalLandmarkCoordinateSystem": "KitYokogawa",
    "AnatomicalLandmarkCoordinateUnits": "m"
}
