{
    "MEGCoordinateSystem": "KitYokogawa",
    "MEGCoordinateUnits": "m",
    "MEGCoordinateSystemDescription": "ALS orientation and the origin between the ears",
    "HeadCoilCoordinates": {
        "NAS": [
            -1.3877787807814457e-17,
            0.09945714774060381,
            -1.3877787807814457e-17
        ],
        "LPA": [
            -0.07425037813906206,
            0.0,
            -2.7755575615628914e-17
        ],
        "RPA": [
            0.07981805286239263,
            -1.3877787807814457e-17,
            -1.3877787807814457e-17
        ],
        "coil1": [
            -0.06940786697872607,
            0.007735512450336768,
            -0.005150736913559675
        ],
        "coil2": [
            0.07704648805788074,
            0.011284080773248897,
            -2.3446261650988953e-05
        ],
        "coil3": [
            -0.00012133214493386182,
            0.10861687557532676,
            0.03660328214879653
        ],
        "coil4": [
            -0.035193828754761625,
            0.10009316499224896,
            0.039025972970909054
        ],
        "coil5": [
            0.03931433985923313,
            0.10070618164049339,
            0.03737514199303646
        ]
    },
    "HeadCoilCoordinateSystem": "KitYokogawa",
    "HeadCoilCoordinateUnits": "m",
    "AnatomicalLandmarkCoordinates": {
        "NAS": [
            -1.3877787807814457e-17,
            0.09945714774060381,
            -1.3877787807814457e-17
        ],
        "LPA": [
            -0.07425037813906206,
            0.0,
            -2.7755575615628914e-17
        ],
        "RPA": [
            0.07981805286239263,
            -1.3877787807814457e-17,
            -1.3877787807814457e-17
        ],
        "coil1": [
            -0.06940786697872607,
            0.007735512450336768,
            -0.005150736913559675
        ],
        "coil2": [
            0.07704648805788074,
            0.011284080773248897,
            -2.3446261650988953e-05
        ],
        "coil3": [
            -0.00012133214493386182,
            0.10861687557532676,
            0.03660328214879653
        ],
        "coil4": [
            -0.035193828754761625,
            0.10009316499224896,
            0.039025972970909054
        ],
        "coil5": [
            0.03931433985923313,
            0.10070618164049339,
            0.03737514199303646
        ]
    },
    "AnatomicalLandmarkCoordinateSystem": "KitYokogawa",
    "AnatomicalLandmarkCoordinateUnits": "m"
}
