{
    "MEGCoordinateSystem": "KitYokogawa",
    "MEGCoordinateUnits": "m",
    "MEGCoordinateSystemDescription": "ALS orientation and the origin between the ears",
    "HeadCoilCoordinates": {
        "NAS": [
            2.7755575615628914e-17,
            0.09299523855970247,
            0.0
        ],
        "LPA": [
            -0.06897625595437915,
            -1.3877787807814457e-17,
            0.0
        ],
        "RPA": [
            0.07551980093673466,
            1.3877787807814457e-17,
            0.0
        ],
        "coil1": [
            -0.06746368679683667,
            0.007227862202634487,
            0.0012392738451927898
        ],
        "coil2": [
            0.07366909473828442,
            0.008387249713649812,
            -0.005113406547293045
        ],
        "coil3": [
            -0.0063321629841393,
            0.09989559619109745,
            0.04147182130171215
        ],
        "coil4": [
            -0.03860912487614799,
            0.08471235084181443,
            0.03977519472662414
        ],
        "coil5": [
            0.0369951870272022,
            0.09105646495321644,
            0.04206974240371725
        ]
    },
    "HeadCoilCoordinateSystem": "KitYokogawa",
    "HeadCoilCoordinateUnits": "m",
    "AnatomicalLandmarkCoordinates": {
        "NAS": [
            2.7755575615628914e-17,
            0.09299523855970247,
            0.0
        ],
        "LPA": [
            -0.06897625595437915,
            -1.3877787807814457e-17,
            0.0
        ],
        "RPA": [
            0.07551980093673466,
            1.3877787807814457e-17,
            0.0
        ],
        "coil1": [
            -0.06746368679683667,
            0.007227862202634487,
            0.0012392738451927898
        ],
        "coil2": [
            0.07366909473828442,
            0.008387249713649812,
            -0.005113406547293045
        ],
        "coil3": [
            -0.0063321629841393,
            0.09989559619109745,
            0.04147182130171215
        ],
        "coil4": [
            -0.03860912487614799,
            0.08471235084181443,
            0.03977519472662414
        ],
        "coil5": [
            0.0369951870272022,
            0.09105646495321644,
            0.04206974240371725
        ]
    },
    "AnatomicalLandmarkCoordinateSystem": "KitYokogawa",
    "AnatomicalLandmarkCoordinateUnits": "m"
}
