{
    "MEGCoordinateSystem": "KitYokogawa",
    "MEGCoordinateUnits": "m",
    "MEGCoordinateSystemDescription": "ALS orientation and the origin between the ears",
    "HeadCoilCoordinates": {
        "NAS": [
            -6.938893903907228e-18,
            0.09210607996253196,
            0.0
        ],
        "LPA": [
            -0.07552236374078657,
            1.3877787807814457e-17,
            0.0
        ],
        "RPA": [
            0.0801898077343104,
            0.0,
            -1.3877787807814457e-17
        ],
        "coil1": [
            -0.07515335797620386,
            0.007608372231125357,
            -0.0035307317256264986
        ],
        "coil2": [
            0.08044498197267337,
            0.013721606526270538,
            -0.0034865791911679878
        ],
        "coil3": [
            0.003335789220324818,
            0.10218020635188098,
            0.02925160054661944
        ],
        "coil4": [
            -0.03499649454674468,
            0.0966706116286579,
            0.02818536865500619
        ],
        "coil5": [
            0.04366362783931349,
            0.09260378069939625,
            0.03000086405383106
        ]
    },
    "HeadCoilCoordinateSystem": "KitYokogawa",
    "HeadCoilCoordinateUnits": "m",
    "AnatomicalLandmarkCoordinates": {
        "NAS": [
            -6.938893903907228e-18,
            0.09210607996253196,
            0.0
        ],
        "LPA": [
            -0.07552236374078657,
            1.3877787807814457e-17,
            0.0
        ],
        "RPA": [
            0.0801898077343104,
            0.0,
            -1.3877787807814457e-17
        ],
        "coil1": [
            -0.07515335797620386,
            0.007608372231125357,
            -0.0035307317256264986
        ],
        "coil2": [
            0.08044498197267337,
            0.013721606526270538,
            -0.0034865791911679878
        ],
        "coil3": [
            0.003335789220324818,
            0.10218020635188098,
            0.02925160054661944
        ],
        "coil4": [
            -0.03499649454674468,
            0.0966706116286579,
            0.02818536865500619
        ],
        "coil5": [
            0.04366362783931349,
            0.09260378069939625,
            0.03000086405383106
        ]
    },
    "AnatomicalLandmarkCoordinateSystem": "KitYokogawa",
    "AnatomicalLandmarkCoordinateUnits": "m"
}
