{
    "MEGCoordinateSystem": "KitYokogawa",
    "MEGCoordinateUnits": "m",
    "MEGCoordinateSystemDescription": "ALS orientation and the origin between the ears",
    "HeadCoilCoordinates": {
        "NAS": [
            -1.691355389077387e-17,
            0.09380802510990993,
            -3.469446951953614e-18
        ],
        "LPA": [
            -0.07126617524350883,
            1.3877787807814457e-17,
            0.0
        ],
        "RPA": [
            0.07091850200031377,
            -1.3877787807814457e-17,
            3.469446951953614e-18
        ],
        "coil1": [
            -0.07071296532894739,
            0.010098571653038069,
            -0.0027665476010521155
        ],
        "coil2": [
            0.06968577238628205,
            0.008175796572871485,
            -0.002221174828263558
        ],
        "coil3": [
            -0.000360199630176587,
            0.10825279352326461,
            0.03864153044990547
        ],
        "coil4": [
            -0.03645987556282357,
            0.09710591963678263,
            0.039852106270221725
        ],
        "coil5": [
            0.04406651786785425,
            0.0912486390372321,
            0.03071737184628697
        ]
    },
    "HeadCoilCoordinateSystem": "KitYokogawa",
    "HeadCoilCoordinateUnits": "m",
    "AnatomicalLandmarkCoordinates": {
        "NAS": [
            -1.691355389077387e-17,
            0.09380802510990993,
            -3.469446951953614e-18
        ],
        "LPA": [
            -0.07126617524350883,
            1.3877787807814457e-17,
            0.0
        ],
        "RPA": [
            0.07091850200031377,
            -1.3877787807814457e-17,
            3.469446951953614e-18
        ],
        "coil1": [
            -0.07071296532894739,
            0.010098571653038069,
            -0.0027665476010521155
        ],
        "coil2": [
            0.06968577238628205,
            0.008175796572871485,
            -0.002221174828263558
        ],
        "coil3": [
            -0.000360199630176587,
            0.10825279352326461,
            0.03864153044990547
        ],
        "coil4": [
            -0.03645987556282357,
            0.09710591963678263,
            0.039852106270221725
        ],
        "coil5": [
            0.04406651786785425,
            0.0912486390372321,
            0.03071737184628697
        ]
    },
    "AnatomicalLandmarkCoordinateSystem": "KitYokogawa",
    "AnatomicalLandmarkCoordinateUnits": "m"
}
