{
    "MEGCoordinateSystem": "KitYokogawa",
    "MEGCoordinateUnits": "m",
    "MEGCoordinateSystemDescription": "ALS orientation and the origin between the ears",
    "HeadCoilCoordinates": {
        "NAS": [
            -2.6020852139652106e-18,
            0.09451651355625784,
            6.938893903907228e-18
        ],
        "LPA": [
            -0.07208050350954637,
            0.0,
            0.0
        ],
        "RPA": [
            0.07830972143629245,
            -2.7755575615628914e-17,
            6.938893903907228e-18
        ],
        "coil1": [
            -0.06964136760498804,
            0.007779403240297994,
            -0.005931788994387392
        ],
        "coil2": [
            0.0763931826664768,
            0.009464579320431876,
            -0.0015890504620829846
        ],
        "coil3": [
            -0.002568470861913476,
            0.10503510235200905,
            0.03766632372010042
        ],
        "coil4": [
            -0.03863934508045821,
            0.09304429549947738,
            0.03758482313602873
        ],
        "coil5": [
            0.03799071958259004,
            0.09518230329816861,
            0.04058740636547963
        ]
    },
    "HeadCoilCoordinateSystem": "KitYokogawa",
    "HeadCoilCoordinateUnits": "m",
    "AnatomicalLandmarkCoordinates": {
        "NAS": [
            -2.6020852139652106e-18,
            0.09451651355625784,
            6.938893903907228e-18
        ],
        "LPA": [
            -0.07208050350954637,
            0.0,
            0.0
        ],
        "RPA": [
            0.07830972143629245,
            -2.7755575615628914e-17,
            6.938893903907228e-18
        ],
        "coil1": [
            -0.06964136760498804,
            0.007779403240297994,
            -0.005931788994387392
        ],
        "coil2": [
            0.0763931826664768,
            0.009464579320431876,
            -0.0015890504620829846
        ],
        "coil3": [
            -0.002568470861913476,
            0.10503510235200905,
            0.03766632372010042
        ],
        "coil4": [
            -0.03863934508045821,
            0.09304429549947738,
            0.03758482313602873
        ],
        "coil5": [
            0.03799071958259004,
            0.09518230329816861,
            0.04058740636547963
        ]
    },
    "AnatomicalLandmarkCoordinateSystem": "KitYokogawa",
    "AnatomicalLandmarkCoordinateUnits": "m"
}
