{
    "MEGCoordinateSystem": "KitYokogawa",
    "MEGCoordinateUnits": "m",
    "MEGCoordinateSystemDescription": "ALS orientation and the origin between the ears",
    "HeadCoilCoordinates": {
        "NAS": [
            2.0816681711721685e-17,
            0.09072813546295704,
            0.0
        ],
        "LPA": [
            -0.07599155105256976,
            -1.3877787807814457e-17,
            0.0
        ],
        "RPA": [
            0.07874082654827368,
            2.7755575615628914e-17,
            0.0
        ],
        "coil1": [
            -0.07353598244151825,
            0.011003228549514077,
            -0.00519631691331239
        ],
        "coil2": [
            0.07749535148540651,
            0.00865758415817195,
            -0.001495109488280466
        ],
        "coil3": [
            -0.002149173998268507,
            0.09947349052334215,
            0.022578399865423662
        ],
        "coil4": [
            -0.03857928254097645,
            0.09015917718543408,
            0.028512700315332207
        ],
        "coil5": [
            0.03608161925374286,
            0.09265324727406801,
            0.02675199295683696
        ]
    },
    "HeadCoilCoordinateSystem": "KitYokogawa",
    "HeadCoilCoordinateUnits": "m",
    "AnatomicalLandmarkCoordinates": {
        "NAS": [
            2.0816681711721685e-17,
            0.09072813546295704,
            0.0
        ],
        "LPA": [
            -0.07599155105256976,
            -1.3877787807814457e-17,
            0.0
        ],
        "RPA": [
            0.07874082654827368,
            2.7755575615628914e-17,
            0.0
        ],
        "coil1": [
            -0.07353598244151825,
            0.011003228549514077,
            -0.00519631691331239
        ],
        "coil2": [
            0.07749535148540651,
            0.00865758415817195,
            -0.001495109488280466
        ],
        "coil3": [
            -0.002149173998268507,
            0.09947349052334215,
            0.022578399865423662
        ],
        "coil4": [
            -0.03857928254097645,
            0.09015917718543408,
            0.028512700315332207
        ],
        "coil5": [
            0.03608161925374286,
            0.09265324727406801,
            0.02675199295683696
        ]
    },
    "AnatomicalLandmarkCoordinateSystem": "KitYokogawa",
    "AnatomicalLandmarkCoordinateUnits": "m"
}
