{
    "MEGCoordinateSystem": "KitYokogawa",
    "MEGCoordinateUnits": "m",
    "MEGCoordinateSystemDescription": "ALS orientation and the origin between the ears",
    "HeadCoilCoordinates": {
        "NAS": [
            -1.3877787807814457e-17,
            0.10158279735198379,
            0.0
        ],
        "LPA": [
            -0.07152332275737619,
            2.7484525072507537e-17,
            -1.3877787807814457e-17
        ],
        "RPA": [
            0.08262123977964622,
            -1.0354130747236567e-17,
            0.0
        ],
        "coil1": [
            -0.0680781448155175,
            0.008525327122338212,
            -0.002259354710100983
        ],
        "coil2": [
            0.07860135716178758,
            0.008130445993449885,
            -0.0038889791894830827
        ],
        "coil3": [
            -0.002229318815365075,
            0.11385014386324925,
            0.035656184765226945
        ],
        "coil4": [
            -0.04038032821576193,
            0.09936372693414323,
            0.040696197868081097
        ],
        "coil5": [
            0.0364360296755265,
            0.10652940787875294,
            0.04281635962784093
        ]
    },
    "HeadCoilCoordinateSystem": "KitYokogawa",
    "HeadCoilCoordinateUnits": "m",
    "AnatomicalLandmarkCoordinates": {
        "NAS": [
            -1.3877787807814457e-17,
            0.10158279735198379,
            0.0
        ],
        "LPA": [
            -0.07152332275737619,
            2.7484525072507537e-17,
            -1.3877787807814457e-17
        ],
        "RPA": [
            0.08262123977964622,
            -1.0354130747236567e-17,
            0.0
        ],
        "coil1": [
            -0.0680781448155175,
            0.008525327122338212,
            -0.002259354710100983
        ],
        "coil2": [
            0.07860135716178758,
            0.008130445993449885,
            -0.0038889791894830827
        ],
        "coil3": [
            -0.002229318815365075,
            0.11385014386324925,
            0.035656184765226945
        ],
        "coil4": [
            -0.04038032821576193,
            0.09936372693414323,
            0.040696197868081097
        ],
        "coil5": [
            0.0364360296755265,
            0.10652940787875294,
            0.04281635962784093
        ]
    },
    "AnatomicalLandmarkCoordinateSystem": "KitYokogawa",
    "AnatomicalLandmarkCoordinateUnits": "m"
}
