{
    "MEGCoordinateSystem": "KitYokogawa",
    "MEGCoordinateUnits": "m",
    "MEGCoordinateSystemDescription": "ALS orientation and the origin between the ears",
    "HeadCoilCoordinates": {
        "NAS": [
            -3.469446951953614e-18,
            0.09762247077730475,
            1.3877787807814457e-17
        ],
        "LPA": [
            -0.07252513997941873,
            0.0,
            0.0
        ],
        "RPA": [
            0.06866542278289908,
            -1.3877787807814457e-17,
            1.3877787807814457e-17
        ],
        "coil1": [
            -0.06977357840533535,
            0.010640493330753745,
            -0.004810105710087137
        ],
        "coil2": [
            0.06886647732992136,
            0.007363291436184596,
            -0.0028637231456501017
        ],
        "coil3": [
            -0.005892655952300305,
            0.10965025230211027,
            0.028304959761133147
        ],
        "coil4": [
            -0.04120283387377087,
            0.09523840521132505,
            0.029310610916314067
        ],
        "coil5": [
            0.03580816374852873,
            0.1022446809167239,
            0.033888462760585686
        ]
    },
    "HeadCoilCoordinateSystem": "KitYokogawa",
    "HeadCoilCoordinateUnits": "m",
    "AnatomicalLandmarkCoordinates": {
        "NAS": [
            -3.469446951953614e-18,
            0.09762247077730475,
            1.3877787807814457e-17
        ],
        "LPA": [
            -0.07252513997941873,
            0.0,
            0.0
        ],
        "RPA": [
            0.06866542278289908,
            -1.3877787807814457e-17,
            1.3877787807814457e-17
        ],
        "coil1": [
            -0.06977357840533535,
            0.010640493330753745,
            -0.004810105710087137
        ],
        "coil2": [
            0.06886647732992136,
            0.007363291436184596,
            -0.0028637231456501017
        ],
        "coil3": [
            -0.005892655952300305,
            0.10965025230211027,
            0.028304959761133147
        ],
        "coil4": [
            -0.04120283387377087,
            0.09523840521132505,
            0.029310610916314067
        ],
        "coil5": [
            0.03580816374852873,
            0.1022446809167239,
            0.033888462760585686
        ]
    },
    "AnatomicalLandmarkCoordinateSystem": "KitYokogawa",
    "AnatomicalLandmarkCoordinateUnits": "m"
}
