{
    "MEGCoordinateSystem": "KitYokogawa",
    "MEGCoordinateUnits": "m",
    "MEGCoordinateSystemDescription": "ALS orientation and the origin between the ears",
    "HeadCoilCoordinates": {
        "NAS": [
            1.3877787807814457e-17,
            0.09766788565884384,
            -6.938893903907228e-18
        ],
        "LPA": [
            -0.07715692246008134,
            -1.3877787807814457e-17,
            6.938893903907228e-18
        ],
        "RPA": [
            0.07237771267455895,
            1.3877787807814457e-17,
            0.0
        ],
        "coil1": [
            -0.07522004492265186,
            0.008840989588901685,
            -0.003688792738001545
        ],
        "coil2": [
            0.07197116878367199,
            0.011190473814120291,
            -0.00386519836363812
        ],
        "coil3": [
            -0.004933091499275781,
            0.10881236903078984,
            0.025214981845367093
        ],
        "coil4": [
            -0.040237240990774095,
            0.0976450926307956,
            0.0296226935814122
        ],
        "coil5": [
            0.0364709189763933,
            0.1015630936833053,
            0.029600613409582005
        ]
    },
    "HeadCoilCoordinateSystem": "KitYokogawa",
    "HeadCoilCoordinateUnits": "m",
    "AnatomicalLandmarkCoordinates": {
        "NAS": [
            1.3877787807814457e-17,
            0.09766788565884384,
            -6.938893903907228e-18
        ],
        "LPA": [
            -0.07715692246008134,
            -1.3877787807814457e-17,
            6.938893903907228e-18
        ],
        "RPA": [
            0.07237771267455895,
            1.3877787807814457e-17,
            0.0
        ],
        "coil1": [
            -0.07522004492265186,
            0.008840989588901685,
            -0.003688792738001545
        ],
        "coil2": [
            0.07197116878367199,
            0.011190473814120291,
            -0.00386519836363812
        ],
        "coil3": [
            -0.004933091499275781,
            0.10881236903078984,
            0.025214981845367093
        ],
        "coil4": [
            -0.040237240990774095,
            0.0976450926307956,
            0.0296226935814122
        ],
        "coil5": [
            0.0364709189763933,
            0.1015630936833053,
            0.029600613409582005
        ]
    },
    "AnatomicalLandmarkCoordinateSystem": "KitYokogawa",
    "AnatomicalLandmarkCoordinateUnits": "m"
}
