{
    "MEGCoordinateSystem": "KitYokogawa",
    "MEGCoordinateUnits": "m",
    "MEGCoordinateSystemDescription": "ALS orientation and the origin between the ears",
    "HeadCoilCoordinates": {
        "NAS": [
            1.3877787807814457e-17,
            0.08291891600652289,
            -6.071532165918825e-18
        ],
        "LPA": [
            -0.07738970116516282,
            -3.469446951953614e-18,
            4.336808689942018e-18
        ],
        "RPA": [
            0.07448137060918794,
            1.5612511283791264e-17,
            1.1275702593849246e-17
        ],
        "coil1": [
            -0.0732240226595157,
            0.008552577469802449,
            -0.0020862432889328444
        ],
        "coil2": [
            0.07067170304498158,
            0.00988029784890214,
            -0.004540182561000599
        ],
        "coil3": [
            -0.0016603019353458315,
            0.09641883872647616,
            0.02918731665516334
        ],
        "coil4": [
            -0.03617041695644202,
            0.08987118404646009,
            0.03480582632517146
        ],
        "coil5": [
            0.037034439938415625,
            0.08790835578603351,
            0.03378674230337282
        ]
    },
    "HeadCoilCoordinateSystem": "KitYokogawa",
    "HeadCoilCoordinateUnits": "m",
    "AnatomicalLandmarkCoordinates": {
        "NAS": [
            1.3877787807814457e-17,
            0.08291891600652289,
            -6.071532165918825e-18
        ],
        "LPA": [
            -0.07738970116516282,
            -3.469446951953614e-18,
            4.336808689942018e-18
        ],
        "RPA": [
            0.07448137060918794,
            1.5612511283791264e-17,
            1.1275702593849246e-17
        ],
        "coil1": [
            -0.0732240226595157,
            0.008552577469802449,
            -0.0020862432889328444
        ],
        "coil2": [
            0.07067170304498158,
            0.00988029784890214,
            -0.004540182561000599
        ],
        "coil3": [
            -0.0016603019353458315,
            0.09641883872647616,
            0.02918731665516334
        ],
        "coil4": [
            -0.03617041695644202,
            0.08987118404646009,
            0.03480582632517146
        ],
        "coil5": [
            0.037034439938415625,
            0.08790835578603351,
            0.03378674230337282
        ]
    },
    "AnatomicalLandmarkCoordinateSystem": "KitYokogawa",
    "AnatomicalLandmarkCoordinateUnits": "m"
}
